,Company Name,Year,Return On Assets,Return On Equity,Gross Profit Margin ,Operating Margin ,Net Profit Margin,Current Ratio,Quick Ratio,Asset Turnover,Accounts Receivable Turnover,Debt to Equity,Price / EPS ,Earnings Per Share ,Price to Book Value per Share,Average_Score
0,Honeywell International Inc,2012,0.0869,0.2984,0.24887,0.1102881,0.0776849,1.34902,1.02438,0.922472172,5.158175842,0.5737467,,4.47192,3.645418277,0.038628858
1,Honeywell International Inc,2013,0.0908,0.2571,0.2737,0.1406478,0.1004737,1.49242,1.18969,0.894853817,5.103560928,0.502247,,4.94665,3.903246524,0.03679796
2,Honeywell International Inc,2014,0.0972,0.2499,0.2816,0.144445,0.1051704,1.50213,1.20395,0.886957287,5.073447039,0.4882479,17.16885116,5.54165,4.213943786,0.03873222
3,Honeywell International Inc,2015,0.1015,0.2677,0.3067,0.1764081,0.1235841,1.09156,0.85096,0.814228582,4.812098534,0.6552286,16.15610617,6.10239,4.154686023,0.041937399
4,Honeywell International Inc,2016,0.0989,0.2718,0.3092,0.1591522,0.1224365,1.41192,1.14457,0.759737875,4.83657396,0.8070292,16.94532025,6.57865,4.356862229,0.039407748
5,Honeywell International Inc,2017,0.0967,0.2969,0.31971,0.1704742,0.1126215,1.37861,1.13403,0.713526264,4.756674294,1.0730273,20.6834356,7.09972,6.763332422,0.038690202
6,Honeywell International Inc,2018,0.1029,0.3478,0.3051,0.1782451,0.1513085,1.28736,1.05876,0.713083084,5.105899597,0.8832117,16.53043529,7.99054,5.302241584,0.034679137
7,Honeywell International Inc,2019,0.1023,0.3218,0.337,0.2040372,0.1596884,1.34286,1.09857,0.630457184,4.894207053,0.8554475,21.74871996,8.13932,6.805704553,0.043544175
8,Honeywell International Inc,2020,0.082,0.2785,0.3207,0.2035114,0.1464289,1.46768,1.23384,0.529542044,4.558240223,1.258235,30.23724939,7.03316,8.445459001,0.041083321
9,Honeywell International Inc,2021,0.0875,0.3048,0.3198,0.2178414,0.1611421,1.30059,1.03722,0.532977932,5.036538039,1.0185532,25.87441398,8.05617,7.689571221,0.047343517
10,Honeywell International Inc,2022,0.09449,0.3275,0.3282,0.1988383,0.1400214,1.25298,0.97522,0.559643378,4.92241499,1.1299729,24.46640294,8.75357,8.568406301,0.050501034
11,American Express Co,2012,0.0332,0.228,0,0.2513353,0.1383799,0,0,0.174714579,0,3.3262205,0,4.37407,3.363094356,0.048404314
12,American Express Co,2013,0.035,0.2825,0,0.2945144,0.1589658,0,0,0.180917736,0,3.1182294,0,4.92052,4.951616742,0.050195584
13,American Express Co,2014,0.0363,0.2795,0,0.3102125,0.1689477,0,0,0.180121481,0,3.0030475,16.77366549,5.56043,4.604069076,0.048787301
14,American Express Co,2015,0.0344,0.2618,0,0.32656,0.152074,0,0,0.165020747,0,2.5773715,13.16267591,5.27929,3.259998549,0.049013806
15,American Express Co,2016,0.0338,0.2627,0,0.24178,0.1457431,0,0,0.176357564,0,2.6743086,12.90093379,5.73737,3.266587971,0.043826749
16,American Express Co,2017,0.0306,0.25199,0,0.2570805,0.1393101,0,0,0.169849657,0,3.3907782,16.98724802,5.84904,4.671556322,0.046157638
17,American Express Co,2018,0.034,0.3103,0,0.2548638,0.1511351,0,0,0.172353555,0,2.806236,12.89790064,7.38245,3.622074473,0.050248995
18,American Express Co,2019,0.0352,0.3005,0,0.2448654,0.1469799,0,0,0.177932043,0,2.7860518,15.24461926,8.16611,4.370720818,0.050296368
19,American Express Co,2020,0.0156,0.13179,0,0.1485785,0.0819876,0,0,0.14839564,0,1.9504873,36.61609279,3.30703,4.234795945,0.052585551
20,American Express Co,2021,0.04169,0.352,0,0.3238039,0.1848125,0,0,0.161309767,0,1.8450647,16.88103309,9.62085,5.613906299,0.051130344
21,American Express Co,2022,0.03549,0.3156,0.66,0.255663,0.1360569,0,0,0.185520818,0,1.7773866,14.75792508,9.99546,4.442485128,0.054587586
22,Amgen Inc,2012,0.0992,0.2688,0.8416,0.3368665,0.2516652,3.81016,3.47516,0.334693561,6.377909124,1.3918678,0,6.59296,3.420412382,0.052450878
23,Amgen Inc,2013,0.0966,0.2825,0.8463,0.3301028,0.2720604,3.44369,3.0638,0.310173306,7.162416107,1.4540188,0,7.45769,3.895943519,0.08520536
24,Amgen Inc,2014,0.0992,0.2977,0.8475,0.3273688,0.2570902,4.95334,4.57563,0.296934894,7.653251955,1.1915199,18.54130268,8.58314,4.698739856,0.057395605
25,Amgen Inc,2015,0.1132,0.2954,0.86,0.3937771,0.3203305,4.44541,4.16436,0.308448077,7.81880527,1.1191468,16.12816692,10.06211,4.342788484,0.052431255
26,Amgen Inc,2016,0.1179,0.3032,0.8733,0.4257318,0.3358706,4.10657,3.86157,0.308448767,7.46461039,1.1580251,12.62146901,11.56204,3.612794042,0.057181575
27,Amgen Inc,2017,0.1173,0.3355,0.8712,0.4525362,0.3535822,5.48514,5.17095,0.289998731,7.138081849,1.4001822,13.68934553,12.69786,4.975657858,0.059834942
28,Amgen Inc,2018,0.1308,0.5073,0.8736,0.447846,0.3534762,2.789,2.57103,0.32447906,6.966994279,2.71432,13.67175018,14.24555,9.80513856,0.060071862
29,Amgen Inc,2019,0.1432,0.8143,0.8709,0.4161031,0.3356733,1.4367,1.15746,0.370463754,6.118109205,3.0913884,16.44441322,14.68269,14.73883986,0.06476715
30,Amgen Inc,2020,0.1597,1.0266,0.8678,0.3594635,0.2857143,1.81447,1.48039,0.414561168,5.420317663,3.5057923,14.19969244,16.16807,14.13144181,0.053046766
31,Amgen Inc,2021,0.15789,1.21629,0.8463,0.2940452,0.2268371,1.59102,1.25566,0.418634631,4.654483562,4.9714925,13.28429103,16.8612,18.74638075,0.061235799
32,Amgen Inc,2022,0.1516,1.84729,0.8499,0.3849485,0.2489078,1.41429,1.10002,0.416879147,4.304308724,10.6378039,14.87853127,17.65171,38.30913958,0.062606531
33,Apple Inc,2012,0.2854,0.4284,0.4387,0.3529596,0.2666509,1.49585,1.47533,1.070378033,10.29353152,0,0,1.7428,5.300204683,0.067312552
34,Apple Inc,2013,0.1934,0.3064,0.3762,0.2866948,0.2167047,1.67864,1.63823,0.892331308,8.690412631,0.1372735,12.85720332,1.56092,3.513472063,0.06565095
35,Apple Inc,2014,0.1801,0.3361,0.3859,0.2872234,0.2161438,1.08011,1.04684,0.833084571,7.638737986,0.3164137,14.21982892,1.94107,5.298356036,0.065690129
36,Apple Inc,2015,0.2045,0.4625,0.4006,0.3047729,0.2284577,1.10877,1.07963,0.89514424,8.120461416,0.5389636,10.81911137,2.43506,5.361641797,0.068458006
37,Apple Inc,2016,0.1493,0.369,0.3908,0.2783541,0.211868,1.35267,1.32568,0.70466692,7.231112303,0.6786174,12.86517228,2.25354,4.689621516,0.067134437
38,Apple Inc,2017,0.1387,0.3687,0.3847,0.2676043,0.2109242,1.27606,1.2279,0.657768596,7.056393523,0.8629809,14.84411183,2.86574,5.893829016,0.062385772
39,Apple Inc,2018,0.1607,0.4936,0.3834,0.2669403,0.2297897,1.13293,1.0988,0.716813037,6.273798838,1.0684667,12.01403847,3.31594,10.01792434,0.064941856
40,Apple Inc,2019,0.1569,0.5592,0.3782,0.2457202,0.2123809,1.54013,1.50129,0.738877742,5.488960854,1.1940478,22.38233743,3.26936,10.74472749,0.060798965
41,Apple Inc,2020,0.1733,0.7368,0.3823,0.2414731,0.2091361,1.3636,1.32507,0.828844633,6.595034175,1.7309264,33.32035909,3.98041,29.17324951,0.061781525
42,Apple Inc,2021,0.28059,1.47439,0.4178,0.2978238,0.2588179,1.07455,1.02211,1.084078887,8.225135187,1.9902837,30.6672815,5.7439,38.25365984,0.060990911
43,Apple Inc,2022,0.28359,1.21389,0.4331,0.3028874,0.2530964,0.87936,0.84724,1.120636811,7.014141127,2.3881039,21.11910277,6.19013,47.33125637,0.059811664
44,Verizon Communications Inc,2012,0.029,0.1913,0.6006,0.1813269,0.0075531,0.78777,0.74789,0.508449953,9.514290407,0.6078005,0,2.4461,0,0.07439205
45,Verizon Communications Inc,2013,0.0327,0.2267,0.6276,0.2111821,0.0953712,2.62455,2.58684,0.482856685,9.63821707,0.9808732,0,2.82633,0,0.068614665
46,Verizon Communications Inc,2014,0.053,0.5254,0.6071,0.2103652,0.0757403,1.05403,1.01283,0.501580773,9.615541768,8.2824656,13.80824894,3.42214,0,0.061714202
47,Verizon Communications Inc,2015,0.0684,1.1364,0.479,0.2321076,0.135838,0.63563,0.59991,0.552107737,9.589799636,6.1500392,11.63206241,3.97584,0,0.062925004
48,Verizon Communications Inc,2016,0.0647,0.8119,0.5918,0.2263931,0.1041991,0.86997,0.83036,0.515936153,8.135615111,4.4972537,13.71774544,3.89045,0,0.061053882
49,Verizon Communications Inc,2017,0.061,0.4662,0.5909,0.2177508,0.1058445,0.90544,0.87414,0.502805576,6.147100424,2.620337,14.05238649,3.76526,0,0.05686218
50,Verizon Communications Inc,2018,0.0746,0.4048,0.5758,0.2294766,0.1186584,0.91316,0.87793,0.501417701,5.303250122,2.0665875,12.01708298,4.66331,0,0.055080923
51,Verizon Communications Inc,2019,0.0716,0.3478,0.585,0.2353035,0.1460931,0.83518,0.80349,0.473871452,5.058615928,1.7743137,12.7187722,4.82439,0,0.058896286
52,Verizon Communications Inc,2020,0.0667,0.314,0.6009,0.2364918,0.1387538,1.37655,1.33127,0.421868834,5.038270466,1.8631193,12.10085211,4.85304,0,0.038833205
53,Verizon Communications Inc,2021,0.0656,0.2992,0.5786,0.2407999,0.1651411,0.7788,0.71402,0.39120919,5.427561694,1.8133173,9.648290474,5.37876,0,0.044407612
54,Verizon Communications Inc,2022,0.05839,0.25179,0.5678,0.2248767,0.1553404,0.75456,0.70696,0.366714192,5.574748936,1.6291814,7.606779687,5.18409,0,0.045003995
55,Boeing Co,2012,0.0462,0.832,0.1598,0.0739186,0.0476756,1.27404,0.4348,0.96751578,13.34825586,1.7444277,0,4.9984,9.705866169,0.044050721
56,Boeing Co,2013,0.0599,0.5244,0.1554,0.0730522,0.0528612,1.26392,0.43045,0.954213231,13.46960037,0.6424618,0,6.72536,6.857796201,0.049640654
57,Boeing Co,2014,0.0663,0.5403,0.1544,0.0792843,0.059937,1.40499,0.43561,0.978123114,12.25768114,1.0318544,15.45886595,8.36314,10.6013211,0.052987412
58,Boeing Co,2015,0.0573,0.716,0.1459,0.0745989,0.0538111,1.35353,0.41611,1.02615185,11.41225362,1.5576051,17.39121022,8.27381,15.21501752,0.053766185
59,Boeing Co,2016,0.0506,1.3034,0.1463,0.0666446,0.0538098,1.24642,0.38475,1.014028904,10.28276052,11.3477765,21.96998884,7.08914,117.5987267,0.052481871
60,Boeing Co,2017,0.0691,0,0.1863,0.1076432,0.0763896,1.14128,0.31891,0.929091367,9.101515225,6.489784,28.9595915,10.20709,105.2555931,0.075701661
61,Boeing Co,2018,0.0894,9.4015,0.1949,0.1166948,0.1033651,1.07648,0.30963,0.880433221,7.851170374,33.7731707,21.30047138,15.11926,540.0126356,0.053535271
62,Boeing Co,2019,-0.0157,0.4748,0.0591,0.0694428,-0.0074984,1.05053,0.26314,0.675883722,6.321445873,0,610.3346199,0.79419,0,0.059639199
63,Boeing Co,2020,-0.0481,0.5103,0,-0.110594,-0.2224495,1.3937,0.45746,0.410524879,5.208773644,0,0,-9.10617,0,0.058685378
64,Boeing Co,2021,-0.0382,0.333,0.049,-0.0544103,-0.0674148,1.32532,0.36397,0.428541942,5.813243735,0,0,-1.89928,0,0.051794396
65,Boeing Co,2022,-0.04769,0.21331,0.0529,-0.0531017,-0.0741653,1.21622,0.34838,0.483276015,5.872944496,0,0,-8.84868,0,0.054254228
66,Caterpillar Inc,2012,0.0698,0.392,0.2857,0.1403871,0.0862391,1.43253,0.90399,0.774143888,7.995994416,2.2831874,0,9.12712,3.348044312,0.058558131
67,Caterpillar Inc,2013,0.0439,0.1984,0.2682,0.1054334,0.0680789,1.40437,0.94186,0.640217179,4.294444444,1.8081234,0,5.49563,2.783174613,0.047862351
68,Caterpillar Inc,2014,0.0474,0.2139,0.2681,0.0791534,0.0444332,1.39423,0.95642,0.65084298,3.263876978,2.3347795,13.90448094,6.55952,3.313174797,0.039194567
69,Caterpillar Inc,2015,0.0332,0.1715,0.2823,0.1259918,0.0534343,1.27688,0.90725,0.576740705,2.902451071,2.553779,14.78275056,4.59248,2.672334097,0.038983694
70,Caterpillar Inc,2016,0.0261,0.1429,0.2654,0.0875003,-0.0017386,1.22329,0.89366,0.503600225,2.559832608,2.7838492,28.3502791,3.2622,4.140269001,0.042842579
71,Caterpillar Inc,2017,0.0543,0.3068,0.317,0.139941,0.0687387,1.34581,0.97382,0.599501536,2.973899392,2.5336336,24.11094892,6.449,6.875510634,0.049515397
72,Caterpillar Inc,2018,0.0865,0.4849,0.3272,0.1717956,0.1104309,1.36803,0.95946,0.703951219,3.262116244,2.5960938,10.92125472,11.63733,5.209360761,0.051160355
73,Caterpillar Inc,2019,0.08,0.4385,0.3191,0.1730483,0.1099442,1.47226,1.04906,0.68551624,3.053608423,2.5741336,13.64799125,10.82906,5.568700291,0.056652077
74,Caterpillar Inc,2020,0.0459,0.2406,0.3034,0.131647,0.0698956,1.53455,1.09118,0.532578121,2.413179191,2.4166342,33.6504509,5.44236,6.474216048,0.049474152
75,Caterpillar Inc,2021,0.0736,0.3729,0.3033,0.1456318,0.1266014,1.45593,0.98559,0.632720321,2.984687454,2.2880237,19.66605565,10.40008,6.721032253,0.046601308
76,Caterpillar Inc,2022,0.09169,0.46679,0.3042,0.1631077,0.1128275,1.38863,0.87263,0.721481643,3.372318693,2.3279215,17.21684485,13.89928,7.794802797,0.055887519
77,JPMorgan Chase & Co,2012,0.0086,0.1072,0,0.2980182,0.3552446,0,0,0.041959959,0,2.7987102,0,5.01261,0.857676515,0.024015519
78,JPMorgan Chase & Co,2013,0.0071,0.0861,0,0.3797539,0.3143595,0,0,0.040243527,0,2.5329059,0,4.3684,1.098176253,0.023329038
79,JPMorgan Chase & Co,2014,0.0089,0.1,0,0.3532844,0.3896101,0,0,0.038138214,0,2.4384124,11.49250086,5.46212,1.098304446,0.027447568
80,JPMorgan Chase & Co,2015,0.0099,0.11,0,0.3601026,0.4443725,0,0,0.038003872,0,1.9307275,11.05137895,5.9676,1.092071156,0.030115323
81,JPMorgan Chase & Co,2016,0.0091,0.0881,0,0.3545348,0.4084721,0,0,0.039894108,0,1.9487549,14.61734703,5.89489,1.347064622,0.029410008
82,JPMorgan Chase & Co,2017,0.0099,0.0986,0,0.356184,0.3824702,0,0,0.040087793,0,1.9351253,15.48923474,6.91213,1.595215926,0.030053024
83,JPMorgan Chase & Co,2018,0.0124,0.13,0,0.3753895,0.4035348,0,0,0.042195584,0,2.0802955,10.51799113,9.26954,1.387652252,0.035522798
84,JPMorgan Chase & Co,2019,0.0133,0.15,0,0.389777,0.4122085,0,0,0.043586418,0,1.9748709,13.32741853,10.46075,1.834591094,0.037957862
85,JPMorgan Chase & Co,2020,0.0091,0.12,0,0.4086252,0.4248098,0,0,0.039508667,0,1.9405557,16.75377346,7.55715,1.554374754,0.038237009
86,JPMorgan Chase & Co,2021,0.013,0.19,0,0.4931237,0.8036603,0,0,0.034131165,0,1.8663333,10.54380323,14.98423,1.798016951,0.032365861
87,JPMorgan Chase & Co,2022,0.0097,0.1379,0,0.3562188,0.3867381,0,0,0.034492011,0,1.8557838,11.47140191,11.67677,1.485248713,0.033157364
88,Chevron Corp,2012,0.1115,0.1913,0.4181,0.1773623,0.1135064,1.62867,1.44908,1.006332833,10.45206573,0.0888183,0,12.549,1.541969981,0.005434719
89,Chevron Corp,2013,0.088,0.15,0.4114,0.1309238,0.0972606,1.5219,1.32867,0.870173708,9.956370475,0.13582,0,11.44883,1.603000136,0.006443151
90,Chevron Corp,2014,0.074,0.1265,0.4354,0.1230737,0.0962334,1.32281,1.11906,0.73783281,10.10966126,0.1781025,11.45770668,9.921,1.360134965,0.00296511
91,Chevron Corp,2015,0.0238,0.0412,0.4963,-0.0011261,0.0353804,1.35195,1.10323,0.488715824,8.942783238,0.2505036,26.48725838,3.338,1.109104137,0.000648775
92,Chevron Corp,2016,0.0067,0.0118,0.4818,-0.0391007,-0.0044984,0.93185,0.76137,0.4211979,8.269141531,0.3143768,84.76651399,1.34535,1.529516515,0.000700443
93,Chevron Corp,2017,0.0273,0.0478,0.4654,0.0386262,0.0532353,1.02967,0.82832,0.524550288,9.170822985,0.2595986,30.11829351,4.16675,1.609797393,0.001920158
94,Chevron Corp,2018,0.0585,0.0982,0.4314,0.0973187,0.0932058,1.25211,1.04218,0.625474473,10.54860142,0.2213991,13.41380713,8.1936,1.339400548,0.005382109
95,Chevron Corp,2019,0.0481,0.0792,0,0.0149334,0.0208839,1.06781,0.84738,0.57056205,9.980843867,0.1857542,18.90495284,6.36968,1.572812977,0.008149469
96,Chevron Corp,2020,-0.0062,-0.0027,0,-0.005028,-0.0586741,1.17558,0.91971,0.395923875,7.623239863,0.3338833,1269.161407,-0.08305,1.234599846,0.004934519
97,Chevron Corp,2021,0.0651,0.1153,0,0.1131447,0.1004139,1.2593,1.02396,0.649271371,10.41191034,0.2241604,13.77589951,8.34611,1.628443418,0.025172576
98,Chevron Corp,2022,0.14699,0.245,0,0.1797961,0.1504558,1.47167,1.23059,0.948093894,12.12691961,0.1456485,9.538649093,19.09473,2.15819855,0.023417202
99,Cisco Systems Inc,2012,0.1126,0.1968,0.6254,0.2324974,0.2053819,2.97877,2.91167,0.503830008,5.543365456,0.2741679,0,1.961,2.324051827,0.053965261
100,Cisco Systems Inc,2013,0.1053,0.1877,0.6222,0.2070977,0.1665818,3.38806,3.30774,0.457110166,5.010575543,0.3678897,11.32825706,1.97513,2.341031348,0.061225536
101,Cisco Systems Inc,2014,0.1039,0.1951,0.6241,0.2289213,0.1826855,3.13378,3.06428,0.450103688,5.135648995,0.4246403,12.95112423,2.1376,2.419076016,0.057934917
102,Cisco Systems Inc,2015,0.1023,0.195,0.6417,0.2631632,0.218064,3.16001,3.11116,0.419078821,4.936052922,0.4504679,11.87991898,2.27242,2.414609663,0.05757441
103,Cisco Systems Inc,2016,0.096,0.186,0.643,0.2653682,0.2001666,3.03459,2.976,0.381795045,4.771631629,0.5098054,12.68399558,2.37329,2.374830428,0.057942963
104,Cisco Systems Inc,2017,0.1065,0.2324,0.6378,0.257612,0.2130549,2.28729,2.21901,0.413491924,4.811509388,0.5918202,15.55342581,2.45621,4.546291547,0.059797981
105,Cisco Systems Inc,2018,0.1335,0.3592,0.645,0.2793619,0.2406944,1.5059,1.46229,0.502514801,4.729509317,0.7347413,14.25357079,3.03757,7.156548807,0.059715967
106,Cisco Systems Inc,2019,0.1418,0.3821,0.66,0.2859374,0.2274599,1.72015,1.66954,0.511829989,4.2557728,0.3845728,14.73574894,3.24279,5.184514768,0.06400332
107,Cisco Systems Inc,2020,0.1418,0.3444,0.6607,0.2757839,0.2125938,1.48958,1.43021,0.517993241,4.281920151,0.2792489,14.08508335,3.16664,5.657063356,0.064091376
108,Cisco Systems Inc,2021,0.1472,0.2871,0.6254,0.272029,0.2291057,1.43202,1.33186,0.53845712,4.411671587,0.2392326,18.50127147,3.42182,4.688374023,0.064942734
109,Cisco Systems Inc,2022,0.1632,0.3799,0.6273,0.2775711,0.2212885,1.38452,1.26813,0.58204581,5.419864023,0.1891868,13.41654369,3.54668,4.785917058,0.065110271
110,Coca-Cola Co,2012,0.1109,0.2862,0.6037,0.2315189,0.1878293,1.09011,0.97279,0.578062932,9.922925922,0.9831766,0,1.99918,4.940568771,0.071868602
111,Coca-Cola Co,2013,0.1064,0.2842,0.609,0.2370472,0.1832074,1.1256,1.00777,0.531615114,9.726536545,1.1088218,0,2.088,5.481765894,0.06587209
112,Coca-Cola Co,2014,0.0999,0.2864,0.611,0.2316946,0.1543111,1.0189,0.92315,0.505849142,9.862297891,1.3659566,20.75457785,2.03761,6.079568602,0.069818065
113,Coca-Cola Co,2015,0.0966,0.3149,0.606,0.2332286,0.1659593,1.24011,1.13235,0.486289893,10.52860711,1.7123118,21.5759049,1.99081,7.269274478,0.069462745
114,Coca-Cola Co,2016,0.0942,0.3437,0.603,0.2304718,0.1559133,1.28185,1.18103,0.472747171,10.74797999,1.9685185,21.76001008,1.91114,7.708805828,0.070417897
115,Coca-Cola Co,2017,0.0945,0.4124,0.62,0.2714976,0.1341544,1.34386,1.24623,0.413607664,9.630466569,2.5127786,24.05910948,1.90726,11.44581303,0.069243623
116,Coca-Cola Co,2018,0.1045,0.5252,0.6307,0.2988593,0.1878134,0.86617,0.75947,0.400638179,9.324537541,2.3199706,22.7304367,2.08423,11.90093634,0.064129825
117,Coca-Cola Co,2019,0.1074,0.5063,0.6068,0.2820499,0.2393603,0.75672,0.63145,0.439512491,9.73615465,2.0268746,26.26521461,2.10522,12.48079659,0.065018555
118,Coca-Cola Co,2020,0.0971,0.4407,0.591,0.2975707,0.234658,1.31772,1.09403,0.380176995,9.280112439,2.0105713,28.86984354,1.89583,12.22455464,0.067759459
119,Coca-Cola Co,2021,0.11099,0.47689,0.601,0.2885526,0.2527745,1.13008,0.95895,0.425598679,11.61508413,1.7200724,25.79203457,2.29227,11.13453846,0.06855389
120,Coca-Cola Co,2022,0.1155,0.45869,0.586,0.281997,0.2218863,1.14536,0.93074,0.459648241,12.28861266,1.5158755,25.59274503,2.48518,11.4210363,0.069688344
121,Walt Disney Co,2012,0.076,0.1449,0.2096,0.2152893,0.1343961,1.06993,0.94997,0.575124811,6.646439239,0.3478478,0,3.41418,2.366860334,0.053668059
122,Walt Disney Co,2013,0.0789,0.1446,0.2098,0.2105415,0.1362314,1.25718,1.13013,0.576934654,6.669282594,0.3024299,19.35666944,3.93891,2.582975632,0.055302755
123,Walt Disney Co,2014,0.0921,0.1685,0,0.2371295,0.1536681,1.202,1.08358,0.590145502,6.601257692,0.3080244,20.13798766,4.6612,3.35553183,0.055235994
124,Walt Disney Co,2015,0.1022,0.1969,0.2521,0.2520538,0.1597637,1.02596,0.92978,0.608755686,6.623950508,0.3563046,18.61697887,5.65446,3.701291409,0.050955823
125,Walt Disney Co,2016,0.104,0.2136,0.2581,0.2580889,0.1688057,1.00736,0.92483,0.617395888,6.512760478,0.4262198,17.55257605,5.92219,3.434092222,0.050849378
126,Walt Disney Co,2017,0.0958,0.2127,0.4504,0.2516096,0.162867,0.81087,0.7408,0.58711972,6.230873545,0.5619723,17.2736241,6.21124,3.578724434,0.051468969
127,Walt Disney Co,2018,0.1143,0.2466,0,0.2496383,0.1833631,0.94205,0.86411,0.611501798,6.615906941,0.3951015,15.48151537,7.09491,3.596457056,0.050023615
128,Walt Disney Co,2019,0.069,0.1466,0,0.1699542,0.149281,0.89735,0.84474,0.475811909,5.610074552,0.500442,26.76965107,5.4658,2.60425937,
129,Walt Disney Co,2020,0.0208,0.0477,0,0.0580229,-0.0433107,1.32383,1.26438,0.330632337,4.639256448,0.6677317,120.035246,1.57458,2.6113151,
130,Walt Disney Co,2021,0.02339,0.05509,0.05427,0.0542733,0.0300217,1.08302,1.04019,0.332798563,5.171083413,0.5880272,37.76404845,4.08963,3.539956975,
131,Walt Disney Co,2022,0.03359,0.0745,0,0.081792,0.0385992,1.00086,0.94094,0.406256753,6.358584112,0.4917627,20.71990212,4.12964,1.768290354,
132,Home Depot Inc,2012,0.1147,0.2624,0.3458,0.1038874,0.0606656,1.34113,0.40674,1.832160976,56.63181818,0.6073016,0,3.03792,5.618113292,0.054072878
133,Home Depot Inc,2013,0.132,0.3555,0.3475,0.1163021,0.0683272,1.42143,0.39278,1.931619323,56.43537415,1.1758505,0,3.74687,8.469333972,0.050446284
134,Home Depot Inc,2014,0.1534,0.5649,0.3481,0.1258656,0.076284,1.35788,0.37474,2.067409028,57.72102706,1.8447758,23.36254115,4.49138,14.6403068,0.046496149
135,Home Depot Inc,2015,0.1678,0.8854,0.3419,0.133011,0.0791807,1.31619,0.37328,2.161134779,52.47125074,3.359088,24.76559296,5.33767,24.92899303,0.047099763
136,Home Depot Inc,2016,0.1861,1.4944,0.3416,0.141942,0.0841165,1.25409,0.36616,2.227363167,48.27507017,5.4468036,21.13203265,6.34258,38.40549042,0.048235635
137,Home Depot Inc,2017,0.2018,3.0513,0.34048,0.1454947,0.0867855,1.16914,0.38193,2.306508943,50.69279076,18.5887208,25.65810404,7.38481,165.0428748,0.055159343
138,Home Depot Inc,2018,0.251,-53.3255,0.3434,0.1458093,0.1019935,1.10846,0.27542,2.444381692,55.65997942,0,17.52074611,9.80251,0,0.0684096
139,Home Depot Inc,2019,0.23609,-7.1414,0.4158,0.1437333,0.1019914,1.0781,0.28729,2.31470301,54.53983177,0,21.66943348,10.07653,0,0.06851937
140,Home Depot Inc,2020,0.2112,0,0.3395,0.1534933,0.0973885,1.22926,0.51153,2.168991192,51.82816791,11.2876629,22.43143137,11.81548,88.41259169,0.066210343
141,Home Depot Inc,2021,0.2307,5.12,0.3363,0.1541576,0.1087148,1.01262,0.24351,2.12214212,47.10408227,0,26.82216686,15.45594,0,0.069462876
142,Home Depot Inc,2022,0.23059,-255.2985,0.3353,0.1527226,0.1086701,1.40506,0.32821,2.122464115,46.68634139,27.6523688,18.95566789,16.6606,205.9904225,0.062651754
143,Intel Corp,2012,0.1416,0.2266,0.6215,0.2744231,0.2063141,2.43123,2.0642,0.686190262,14.25658158,0.2638908,0,2.10616,1.953344921,0.065006058
144,Intel Corp,2013,0.1089,0.1758,0.598,0.2377438,0.182515,2.36468,2.05719,0.596551392,14.216588,0.2308088,0,1.89505,2.182697061,0.060778874
145,Intel Corp,2014,0.127,0.2051,0.637,0.2799714,0.2094863,1.73193,1.46506,0.606432285,13.95180422,0.2444285,16.16560277,2.24361,3.191397118,0.063344231
146,Intel Corp,2015,0.1171,0.1953,0.6264,0.2593442,0.2063048,2.44919,2.11894,0.572561919,12.01541133,0.3657513,15.46278384,2.22752,2.666588687,0.057898883
147,Intel Corp,2016,0.1233,0.208,0.632,0.2505094,0.1737081,1.74899,1.47547,0.552987625,12.53286905,0.3767509,13.5874757,2.66753,2.556432914,0.063637747
148,Intel Corp,2017,0.1416,0.2477,0.638,0.2937174,0.2390179,1.69336,1.29252,0.530577912,12.19015247,0.3836732,14.19189807,3.25218,3.095827717,0.057619751
149,Intel Corp,2018,0.1714,0.2998,0.633,0.3280827,0.2929229,1.73144,1.2952,0.564049488,11.49290291,0.3515377,10.35456611,4.53294,2.815649089,0.061475742
150,Intel Corp,2019,0.1647,0.2865,0.601,0.3300493,0.2924755,1.40022,1.00829,0.544185537,10.00834434,0.3734403,12.98008419,4.61131,3.318909592,0.072179202
151,Intel Corp,2020,0.1549,0.283,0.576,0.3248103,0.2683935,1.90874,1.56831,0.537727673,10.68720834,0.4491843,10.19287072,4.87447,2.35936647,0.071457001
152,Intel Corp,2021,0.1391,0.25339,0.577,0.2809906,0.2514173,2.13233,1.73993,0.491600233,9.65473427,0.3994192,9.738939685,5.28233,2.18921806,0.067514565
153,Intel Corp,2022,0.0433,0.07639,0.473,0.0612491,0.1270974,1.56763,1.15637,0.359785341,9.186188811,0.4149643,13.52665411,1.9557,1.07806819,0.063811146
154,International Business Machines Corp,2012,0.1496,0.904,0.487,0.2241966,0.165241,1.13313,1.08071,0.873123244,3.421207536,1.7524758,0,15.12917,10.83963147,0.072881178
155,International Business Machines Corp,2013,0.1523,0.897,0.497,0.2155906,0.1716124,1.27883,1.2213,0.801569452,3.152081264,1.7322168,0,16.87688,8.288206292,0.073872038
156,International Business Machines Corp,2014,0.137,0.9638,0.506,0.2327654,0.1697434,1.19696,1.14383,0.762178945,2.914948089,3.3895455,9.496874925,16.13382,12.79021834,0.078164164
157,International Business Machines Corp,2015,0.1287,1.122,0.508,0.2012943,0.163492,1.2403,1.19505,0.717762967,2.707327979,2.7654603,8.801993138,14.9345,8.900906037,0.085229515
158,International Business Machines Corp,2016,0.1143,0.8017,0.489,0.1734006,0.148663,1.20987,1.16706,0.701151493,2.765411166,2.292736,11.77684591,13.49991,8.219065829,0.073227817
159,International Business Machines Corp,2017,0.1065,0.7218,0.474,0.1682988,0.1419401,1.33113,1.28876,0.651816527,2.600049281,2.6416925,10.60967539,13.80212,7.680874525,0.066870394
160,International Business Machines Corp,2018,0.1018,0.7361,0.469,0.1765778,0.1351912,1.28564,1.24164,0.639958511,2.559484186,2.7061256,7.865364523,13.79771,5.769550817,0.066332621
161,International Business Machines Corp,2019,0.083,0.6077,0.4801,0.1420972,0.1263472,1.01907,0.97613,0.418873019,2.107042459,2.9973314,10.00064696,12.797,5.449686357,0.058058794
162,International Business Machines Corp,2020,0.0505,0.3752,0.493,0.1039345,0.0732525,0.98234,0.93689,0.358122645,2.653538195,2.9590872,14.3099988,8.431,5.210657183,0.051827501
163,International Business Machines Corp,2021,0,0.36329,0.562,0.1065214,0.0806277,0.87864,0.82959,0.398302613,3.499405071,2.7218362,13.25583079,10.094,6.350767099,0.031641889
164,International Business Machines Corp,2022,0.06419,0.4077,0.54,0.1253098,0.0305964,0.92423,0.87497,0.466973199,4.029691765,2.3136551,15.50207626,9.11119,5.817503584,0.02595159
165,Johnson & Johnson,2012,0.1221,0.2353,0.6778,0.255028,0.1614453,1.90075,1.59183,0.572141061,6.14198264,0.2493598,0,5.09091,2.977962788,0.052787328
166,Johnson & Johnson,2013,0.125,0.2286,0.6867,0.2390604,0.1939505,2.19696,1.89013,0.561429752,6.194943967,0.2454998,0,5.47668,3.517548186,0.040464931
167,Johnson & Johnson,2014,0.1297,0.2379,0.694,0.2853933,0.2195988,2.3644,2.03815,0.563574196,6.550004406,0.2689529,17.51388868,5.95943,4.192072032,0.042948474
168,Johnson & Johnson,2015,0.1319,0.2476,0.7098,0.2919134,0.2198961,2.16996,1.87973,0,0,0.2791427,16.61557872,6.18165,3.977656228,0.04445619
169,Johnson & Johnson,2016,0.1367,0.2651,0.7156,0.2913438,0.2300737,2.47392,2.16411,0.523569017,6.409396871,0.385214,17.16567461,6.71295,4.428088448,0.046187238
170,Johnson & Johnson,2017,0.1343,0.3069,0.7071,0.2536298,0.1870504,1.41101,1.12398,0.51220893,6.070109969,0.5748172,19.19436423,7.27996,6.230092969,0.04350169
171,Johnson & Johnson,2018,0.1438,0.3722,0.7239,0.2478396,0.1875069,1.474,1.19866,0.52589305,5.914238075,0.5017573,15.80836416,8.16353,5.670671701,0.044659975
172,Johnson & Johnson,2019,0.15009,0.391,0.7205,0.2266784,0.1842455,1.25887,1.00806,0.528250752,5.742608209,0.465706,16.81318314,8.671,6.451680571,0.040847812
173,Johnson & Johnson,2020,0.1289,0.3492,0.6558,0.2484137,0.1745374,1.20578,0.98588,0.496563667,5.886873151,0.5573185,19.67269673,8.00624,6.547374104,0.040338254
174,Johnson & Johnson,2021,0.14679,0.38159,0.7332,0.2820261,0.2226393,1.34832,1.11865,0.52547967,6.498839184,0.4559529,17.45870562,9.79583,6.075639228,0.039760214
175,Johnson & Johnson,2022,0.1464,0.3585,0.7246,0.2901004,0.188966,0.9909,0.76719,0.514044548,6.039054798,0.5163663,17.58913805,10.04719,6.011300324,0.046213157
176,McDonald's Corp,2012,0.1598,0.3682,0.182,0.3038887,0.198237,1.44636,1.4106,0.806330839,20.34464945,0.8913859,0,5.31367,5.783345125,0.062548612
177,McDonald's Corp,2013,0.1551,0.3569,0.1746,0.3022625,0.1987462,1.59309,1.55407,0.78057512,20.85688843,0.8825774,0,5.55413,6.002517973,0.069590177
178,McDonald's Corp,2014,0.1342,0.3297,0.1586,0.2895016,0.173381,1.52316,1.48313,0.774590459,21.65677531,1.1620038,19.09481994,4.932,7.019444661,0.061889411
179,McDonald's Corp,2015,0.13,0.4709,0.152,0.2878842,0.1782277,3.26837,3.23444,0.704291904,20.22442402,3.4032788,24.19845436,4.87095,15.11439947,0.057163637
180,McDonald's Corp,2016,0.1427,2.0145,0.17,0.3165556,0.1903387,1.39798,1.38099,0.714065305,17.75959319,0,21.31732374,5.69442,0,0.05836488
181,McDonald's Corp,2017,0.1666,-1.9736,0.182,0.3635694,0.2582032,1.84294,1.8226,0.704033467,13.22806712,0,26.33322267,6.53043,0,0.061220272
182,McDonald's Corp,2018,0.1863,-1.3028,0.1745,0.4060796,0.2822151,1.36311,1.34592,0.638232588,9.623967223,0,22.85160548,7.75027,0,0.062117641
183,McDonald's Corp,2019,0.1493,-0.7304,0.5274,0.4189212,0.2859617,0.98257,0.96871,0.531968825,9.158068457,0,25.22192512,7.83996,0,0.058993374
184,McDonald's Corp,2020,0.0906,-0.5656,0.5216,0.3751861,0.2462802,1.01003,1.00176,0.383628128,8.862752336,0,34.60136193,6.20381,0,0.066431127
185,McDonald's Corp,2021,0.1313,-1.1229,0.5529,0.4251407,0.3249034,1.77823,1.7644,0.436188206,11.66188766,0,28.47171256,9.41191,0,0.060456382
186,McDonald's Corp,2022,0.1439,-1.191,0.5697,0.4462312,0.2664671,1.42663,1.41296,0.444579964,11.62792797,0,26.45463872,9.90506,0,0.066629546
187,Microsoft Corp,2012,0.1713,0.311,0.7516,0.3437938,0.2808385,2.71176,2.65997,0.590431624,4.680394397,0.1976084,0,2.88073,3.644238448,0.069671972
188,Microsoft Corp,2013,0.1402,0.2617,0.6898,0.3211452,0.2542121,2.50402,2.44572,0.551644617,4.689873076,0.2522164,14.12399532,2.65208,3.826587142,0.066924939
189,Microsoft Corp,2014,0.1174,0.241,0.647,0.3010472,0.1302949,2.4734,2.41495,0.539589916,4.997329916,0.4406928,17.32536628,2.66231,4.425309367,0.06243964
190,Microsoft Corp,2015,0.12072,0.29363,0.6436,0.2982645,0.225322,2.35288,2.31496,0.495482959,5.038220257,0.7534619,20.24359452,2.74869,5.549333444,0.063786742
191,Microsoft Corp,2016,0.1191,0.3585,0.6455,0.3343447,0.2639405,2.91858,2.87945,0.435220154,4.744571092,1.0116405,20.79269211,2.97454,6.057534859,0.070003539
192,Microsoft Corp,2017,0.1211,0.3903,0.6525,0.3176694,0.2742932,2.9008,2.85529,0.433498311,4.512594046,0.9736817,25.17081668,3.39397,9.151925458,0.068845753
193,Microsoft Corp,2018,0.1351,0.3981,0.659,0.3413698,0.3130647,2.52884,2.49912,0.461467096,4.493991608,0.7695886,22.66944613,4.44067,10.00543614,0.070855115
194,Microsoft Corp,2019,0.1506,0.4014,0.6778,0.3703038,0.3096249,2.51577,2.48956,0.486555632,4.648248964,0.6155582,28.97139603,5.39188,13.02385558,0.072655227
195,Microsoft Corp,2020,0.193,0.471,0.6893,0.4159488,0.3645174,2.07999,2.05026,0.529336,4.798812345,0.4978378,32.54809339,6.76141,14.34555808,0.071064026
196,Microsoft Corp,2021,0.19879,0.4502,0.684,0.4205528,0.3668634,1.78461,1.74525,0.567605519,4.817991835,0.3883885,36.30479534,9.19023,11.51048456,0.075208813
197,Microsoft Corp,2022,0.1887,0.39329,0.6899,0.4232546,0.3414624,1.76917,1.74516,0.545598958,4.55981237,0.3118178,25.06139425,9.553,12.27260432,0.075507522
198,3M Co,2012,0.1357,0.2622,0.4755,0.2167937,0.1486089,2.19839,1.57952,0.913210774,7.32761578,0.3365854,0,6.31889,3.629955033,
199,3M Co,2013,0.1354,0.2589,0.4783,0.2165463,0.1509183,1.69819,1.18285,0.915700175,7.231435933,0.3393136,0,6.72195,5.315238117,0.053282117
200,3M Co,2014,0.1529,0.3188,0.4831,0.2245373,0.1557462,2.06288,1.44148,0.982751432,7.343025268,0.5227515,21.96950047,7.47844,7.961348424,0.052343344
201,3M Co,2015,0.1511,0.3884,0.4919,0.2332695,0.1596419,1.54341,1.04917,0.944704487,7.060991254,0.9455005,19.95755178,7.54994,8.031279191,0.047978057
202,3M Co,2016,0.1535,0.4631,0.5004,0.2297984,0.1677239,1.88551,1.34121,0.91532019,6.873416277,1.1307164,21.89798924,8.15511,10.34738896,0.049215573
203,3M Co,2017,0.1585,0.5117,0.4946,0.2273747,0.1775279,1.85729,1.33251,0.893092407,6.676579142,1.2053863,25.9347164,9.07946,12.10913283,0.050236847
204,3M Co,2018,0.169,0.5894,0.4909,0.2073859,0.1686251,1.89246,1.28976,0.879750829,6.484908461,1.4923842,19.1450154,9.9605,11.21484611,0.050442417
205,3M Co,2019,0.1309,0.5331,0.4668,0.2199403,0.1405589,1.40653,0.95825,0.791926958,6.372397383,2.0190598,19.47889915,9.04558,10.0838824,0.04897543
206,3M Co,2020,0.1106,0.4413,0.484,0.2184315,0.1693077,1.885,1.35166,0.69962936,6.657840298,1.4623772,20.56072348,8.53411,7.848360863,0.051992428
207,3M Co,2021,0.12539,0.42219,0,0.2119361,0.1674728,1.70481,1.15307,0.748919675,7.550453817,1.1551895,18.06828169,9.84291,6.751090805,0.050685225
208,3M Co,2022,0.12259,0.3838,0.4381,0.216337,0.168775,1.54237,0.97826,0.731959755,7.447563098,1.0849695,11.74995101,10.2084,4.473948716,0.043946696
209,Nike Inc,2012,0.1492,0.2289,0.436,0.1279185,0.0968277,3.44018,2.56058,1.533656468,8.101456233,0.1231838,0,1.32004,4.974644888,0.067380963
210,Nike Inc,2013,0.149,0.2459,0.448,0.1323736,0.096874,2.72449,1.93913,1.537673981,8.482674401,0.1336844,26.42011476,1.50069,6.181790466,0.060299874
211,Nike Inc,2014,0.1629,0.2782,0.46,0.1462731,0.1069573,2.46162,1.77653,1.527506158,9.038869258,0.0991579,26.80348571,1.7918,6.848943102,0.056919609
212,Nike Inc,2015,0.1749,0.3012,0.46241,0.1233366,0.1161354,2.80422,1.90127,1.510796724,9.839066525,0.1662588,29.02386923,2.14785,7.577095774,0.052933753
213,Nike Inc,2016,0.19,0.3438,0.446,0.1259415,0.1234352,2.93405,2.0106,1.53474618,9.902862099,0.3362618,21.66380402,2.33676,7.01721367,0.055295244
214,Nike Inc,2017,0.1731,0.3567,0.4384,0.1221254,0.108965,2.50563,1.6346,1.589562179,10.14550523,0.4315124,27.51288773,2.28936,11.71543009,0.049409636
215,Nike Inc,2018,0.1742,0.4274,0.447,0.121993,0.1029987,2.10081,1.38609,1.691436231,10.06872587,0.4262168,27.93824495,2.63992,13.3800354,0.047957056
216,Nike Inc,2019,0.0922,0.297,0.4342,0.0832821,0.0678823,2.48141,1.59211,1.358651628,10.65460761,1.1988827,33.44579872,3.02747,19.06736685,0.047446862
217,Nike Inc,2020,0.1658,0.5501,0.448,0.1613454,0.1285868,2.7177,2.0092,1.289424163,12.35108153,0.7374481,47.03484641,3.02144,16.86644317,0.041430671
218,Nike Inc,2021,0.1549,0.43109,0.46,0.142903,0.129437,2.62936,1.84464,1.196756383,10.23220153,0.6171062,45.09030506,3.69114,12.21866043,0.043004927
219,Nike Inc,2022,0.1302,0.3463,0.435,0.115489,0.0989906,2.72277,1.80942,1.315752967,11.64287338,0.6378892,37.31709806,3.12923,11.51516138,0.043933319
220,Procter & Gamble Co,2012,0.1483,0.1704,0.499,0.1763069,0.1325453,0.79868,0.56867,0.590157896,12.74109415,0.4590811,0,3.965,3.154626339,0.050354294
221,Procter & Gamble Co,2013,0.0865,0.1816,0.4925,0.1869599,0.1379417,0.93747,0.73706,0.524821094,11.54040639,0.5061307,19.02631807,4.27968,3.128235813,0.045926737
222,Procter & Gamble Co,2014,0.0847,0.1762,0.497,0.1982926,0.111945,0.99517,0.82803,0.516866902,12.91747307,0.4812847,21.01409322,4.34232,3.462268592,0.045290696
223,Procter & Gamble Co,2015,0.0814,0.1725,0.496,0.2199268,0.1481799,1.09789,0.94462,0.508894093,14.60664355,0.5277064,21.1228268,3.75333,4.012211783,0.035415764
224,Procter & Gamble Co,2016,0.0867,0.1887,0.508,0.2257217,0.1515878,0.87699,0.72393,0.525632014,14.51053864,0.5663882,21.89024676,3.85973,4.107203939,0.034877312
225,Procter & Gamble Co,2017,0.0939,0.2085,0.498,0.2175605,0.1509008,0.82587,0.65807,0.559928953,14.40344828,0.5916079,22.03880538,4.17374,3.79912481,0.036219096
226,Procter & Gamble Co,2018,0.1018,0.2401,0.493,0.217629,0.0536907,0.74883,0.58165,0.579970438,14.04669503,0.6324639,20.83900103,4.41213,5.936116262,0.035429204
227,Procter & Gamble Co,2019,0.114,0.2885,0.51,0.2320648,0.1799013,0.84871,0.68198,0.601793931,15.54387118,0.7406459,25.27715827,4.92948,6.498722799,0.051361537
228,Procter & Gamble Co,2020,0.12279,0.3162,0.512,0.2403636,0.1843848,0.69694,0.51636,0.634298166,17.0994047,0.6856432,24.92114751,5.56632,7.203995363,0.052391142
229,Procter & Gamble Co,2021,0.1247,0.3153,0.52573,0.2252485,0.180341,0.65454,0.44524,0.678071158,16.25192542,0.6721518,27.60191685,5.92413,7.52425353,0.056342497
230,Procter & Gamble Co,2022,0.1231,0.312,0.4786,0.2250323,0.1752433,0.6334,0.43559,0.689018934,15.45242133,0.7353022,26.07219224,5.81425,7.798969799,0.05486432
231,Travelers Companies Inc,2012,0.0233,0.11,0,0.1376845,0.095338,0,0,0.245712677,0,0.4999016,0,5.53271,1.066910766,0.054937571
232,Travelers Companies Inc,2013,0.0342,0.155,0,0.2030451,0.1391284,0,0,0.251075449,0,0.2559284,0,8.90888,1.290768269,0.051697516
233,Travelers Companies Inc,2014,0.0352,0.155,0,0.2016176,0.1347426,0,0,0.26294166,0,0.255637,10.65472452,9.93582,1.373203012,0.056001219
234,Travelers Companies Inc,2015,0.0338,0.152,0,0.1922433,0.1270704,0,0,0.264358316,0,0.2688363,10.6427621,10.59368,1.415173913,0.058119289
235,Travelers Companies Inc,2016,0.0296,0.1267,0,0.1607362,0.1081941,0,0,0.275948091,0,0.277206,12.8710196,9.52584,1.474037811,0.056722799
236,Travelers Companies Inc,2017,0.0201,0.09,0,0.1076567,0.075045,0,0,0.283868688,0,0.2768952,20.35835752,6.97546,1.551249252,0.054033048
237,Travelers Companies Inc,2018,0.0234,0.107,0,0.1094343,0.0826867,0,0,0.291580812,0,0.2867127,12.62891246,9.56696,1.379316633,0.052610114
238,Travelers Companies Inc,2019,0,0.109,0,0.1103688,0.0824125,0,0,0.294698048,0,0.252785,14.48433851,9.48524,1.348753999,0.059060413
239,Travelers Companies Inc,2020,0.0237,0.113,0,0.1133412,0.0835935,0,0,0.282397327,0,0.2243074,16.13548427,8.70605,1.213293654,0.057292754
240,Travelers Companies Inc,2021,0.02969,0.137,0,0.1378597,0.1044,0,0,0.293537917,0,0.2523627,12.46658814,12.5799,1.306155572,0.055306217
241,Travelers Companies Inc,2022,0.0253,0.1189,0,0.1013759,0.0764314,0,0,0.312655864,0,0.3382189,14.45683729,13.0368,2.018387245,0.055318972
242,UnitedHealth Group Inc,2012,0.0743,0.1858,0.2519,0.0799418,0.0499557,0,0,1.487060911,0,0.5373661,0,5.27391,1.772742318,0.071381091
243,UnitedHealth Group Inc,2013,0.0691,0.1776,0,0.0785622,0.0459225,0,0,1.505083954,0,0.5059417,0,5.49215,2.314112414,0.067871883
244,UnitedHealth Group Inc,2014,0.0668,0.1739,0,0.0787437,0.0430661,0,0,1.550824894,0,0.5143313,17.89786408,5.64428,2.971586245,0.064528798
245,UnitedHealth Group Inc,2015,0.0631,0.1885,0,0.0701496,0.0370003,0,0,1.589862171,0,0.9478132,18.24832238,6.43392,3.313949749,0.067472217
246,UnitedHealth Group Inc,2016,0.0666,0.2168,0,0.0699524,0.0379626,0,0,1.579397088,0,0.863609,19.95857137,8.01356,3.980720071,0.06403308
247,UnitedHealth Group Inc,2017,0.0758,0.2255,0,0.0756069,0.0465204,0,0,1.536338919,0,0.6359641,22.02994017,10.00113,4.471402796,0.062856566
248,UnitedHealth Group Inc,2018,0.0869,0.2431,0,0.0766596,0.0529775,0,0,1.553472787,0,0.6729505,19.43198571,12.80764,4.626183844,0.057739873
249,UnitedHealth Group Inc,2019,0.0895,0.2544,0.8839,0.0812909,0.0571493,0,0,1.485112385,0,0.6730757,19.61041984,14.98368,4.837077201,0.058088631
250,UnitedHealth Group Inc,2020,0.0874,0.2519,0.8804,0.0871312,0.059901,0,0,1.385540091,0,0.6361521,20.91838561,16.76996,5.065478921,0.059158245
251,UnitedHealth Group Inc,2021,0.0888,0.25359,0.8921,0.0806606,0.0601015,0,0,1.400539689,0,0.6130055,26.63980086,18.84733,6.584639632,0.055860389
252,UnitedHealth Group Inc,2022,0.0921,0.2808,0,0.0871243,0.0620677,0,0,1.414908137,0,0.7074647,24.05302936,22.03304,6.36717739,0.055571193
253,Walmart Inc,2012,0.08574,0.23024,0.24868,0.0591592,0.0361612,0.83461,0.22469,2.36387389,73.7742621,0.6623113,0,4.92141,3.036484026,0.042785451
254,Walmart Inc,2013,0.082,0.207,0.2482,0.0564189,0.0333366,0.88233,0.23545,2.335598839,70.85072518,0.6963572,0,5.171,3.166224379,0.042780958
255,Walmart Inc,2014,0.0804,0.2084,0.2483,0.0558982,0.0331061,0.96973,0.27795,2.379236774,72.18892605,0.5837416,17.23013709,4.99493,3.370216969,0.040507272
256,Walmart Inc,2015,0.0732,0.1823,0.2513,0.0499969,0.0304773,0.93222,0.24405,2.392283245,77.75036284,0.5984141,13.42032095,4.56326,2.605099198,0.04441199
257,Walmart Inc,2016,0.072,0.1699,0.2564,0.0468517,0.0280794,0.86196,0.21879,2.439084753,84.8019897,0.5305644,16.01141555,4.32104,2.614765418,0.040316738
258,Walmart Inc,2017,0.0659,0.1707,0.2537,0.040846,0.0193108,0.75985,0.20225,2.480955604,87.40379072,0.5251788,22.25497554,4.43056,4.041187122,0.037270257
259,Walmart Inc,2018,0.0683,0.1923,0.245,0.0426843,0.0138257,0.79891,0.22753,2.427486392,86.47642263,0.6802371,19.23998447,4.83253,3.804330446,0.046458614
260,Walmart Inc,2019,0.062,0.1921,0.2469,0.040018,0.0284008,0.79452,0.22331,2.299146537,83.38728416,0.6679051,23.7490008,4.9981,4.342306446,0.044453279
261,Walmart Inc,2020,0.0647,0.2028,0.2483,0.0481945,0.0241616,0.97217,0.487,2.286958247,87.36734375,0.5583279,25.8320371,5.58452,4.89740241,0.046624272
262,Walmart Inc,2021,0.0729,0.2207,0.2508,0.0496583,0.0238724,0.9278,0.28106,2.303195297,77.42011354,0.4661066,22.55445711,6.40927,4.636654655,0.051619602
263,Walmart Inc,2022,0.0704,0.215,0.2414,0.040125,0.0191072,0.82057,0.20694,2.504990196,75.40726577,0.5327746,23.36145253,6.06953,5.051854928,0.048568784
264,Walgreens Boots Alliance Inc,2012,0.0778,0.1433,0.284,0.0489439,0.029693,1.22753,0.42305,2.35186158,30.71740995,0.306701,0,3.28095,1.851251302,
265,Walgreens Boots Alliance Inc,2013,0.0865,0.1582,0.2891,0.0499328,0.0384397,1.33671,0.56535,2.09497701,30.09668681,0.2778349,16.62513278,3.46586,2.338997092,
266,Walgreens Boots Alliance Inc,2014,0.0871,0.1582,0.282,0.0490104,0.0252906,1.37628,0.6932,2.100672341,26.11692308,0.2177814,21.10733161,3.58546,2.803949423,
267,Walgreens Boots Alliance Inc,2015,0.0771,0.159,0.264,0.0458122,0.040795,1.18723,0.6631,1.951184548,20.55110758,0.5373163,19.19959416,4.43385,3.056665055,0.051476719
268,Walgreens Boots Alliance Inc,2016,0.0708,0.1649,0.256,0.0589428,0.03556,1.52137,0.99495,1.659023114,17.90388283,0.7122948,16.55236415,5.006,2.92529611,0.05130852
269,Walgreens Boots Alliance Inc,2017,0.0794,0.188,0.2467,0.0589439,0.0344968,1.06502,0.58522,1.704636726,18.48827025,0.5089482,13.09381497,5.55491,3.038072497,0.050797073
270,Walgreens Boots Alliance Inc,2018,0.0892,0.2239,0.235,0.055703,0.0372443,0.82365,0.38219,1.96129215,20.08045187,0.594627,10.49201774,6.51521,2.510026806,0.050179106
271,Walgreens Boots Alliance Inc,2019,0.0815,0.22329,0.2216,0.0508936,0.0317804,0.72568,0.3635,1.769411002,17.40329009,0.755217,9.939580299,5.9233,1.949508155,0.050883034
272,Walgreens Boots Alliance Inc,2020,0.054,0.1891,0.2024,0.0362594,0.0014674,0.66764,0.31851,1.576279947,16.99150299,0.7946158,8.313269337,4.80174,1.594643172,0.051258509
273,Walgreens Boots Alliance Inc,2021,0.05049,0.19149,0.207,0.0334392,0.015048,0.71706,0.3471,1.573189916,20.71262212,0.4194198,10.52584846,4.94088,1.875302619,0.023545359
274,Walgreens Boots Alliance Inc,2022,0.05089,0.1089,0.2144,0.0308132,0.032682,0.74844,0.37856,1.54837844,24.85074906,0.4294082,8.364978147,4.47,1.199377225,0.027328841
275,Goldman Sachs Group Inc,2012,0,0.1066,0,0.2946067,0.1750192,0,0,0.042385244,0,5.668432,0,11.81748,0.853534844,0.051444806
276,Goldman Sachs Group Inc,2013,0.0084,0.1051,0,0.3106947,0.1890199,0,0,0.041655901,0,5.2760778,0,15.09252,1.16254822,0.056777163
277,Goldman Sachs Group Inc,2014,0.0091,0.112,0,0.3384419,0.2014968,0,0,0.042531498,0,3.96675,11.12067333,17.2273,1.133159256,0.063875948
278,Goldman Sachs Group Inc,2015,0.0083,0.0953,0,0.241207,0.1413377,0,0,0.042881676,0,3.8354972,11.95611866,15.20667,1.000993182,0.060923638
279,Goldman Sachs Group Inc,2016,0.0082,0.094,0,0.2926524,0.1863431,0,0,0.040903599,0,3.7887287,14.97747593,15.71309,1.242116362,0.085971431
280,Goldman Sachs Group Inc,2017,0.0091,0.1107,0,0.2741264,0.1859262,0,0,0.045706639,0,4.7287672,13.2612284,19.11012,1.356532052,0.05898883
281,Goldman Sachs Group Inc,2018,0.0107,0.123,0,0.2497099,0.1762438,0,0,0.054076336,0,4.1760271,6.568783082,25.28106,0.777788567,0.051590117
282,Goldman Sachs Group Inc,2019,0.0082,0.1,0,0.2048587,0.1438119,0,0,0.053679308,0,4.5131668,10.55216075,21.88958,1.010151758,0.049527141
283,Goldman Sachs Group Inc,2020,0.0083,0.1018,0,0.2983528,0.1582048,0,0,0.048432372,0,4.5896885,13.92114186,19.01915,1.070939556,0.048279032
284,Goldman Sachs Group Inc,2021,0.0161,0.23,0.84,0.4598782,0.3254551,0,0,0.045908878,0,4.8394283,6.384478982,59.77883,1.286077304,0.050288608
285,Goldman Sachs Group Inc,2022,0.0074,0.102,0,0.2267544,0.1566561,0,0,0.043636371,0,3.9519153,10.26872185,33.6885,1.079995138,0.047886504
286,Salesforce Inc,2012,0.05,0.1242,0.8123,-0.036296,-0.0886648,0.69093,0,0.629353221,3.919604415,0.279568,0,0.38083,10.87358418,0.071035082
287,Salesforce Inc,2013,0.0302,0.0828,0.8002,-0.0702711,-0.0570314,0.6734,0,0.554561315,3.645449616,0.8255898,0,0.33811,12.15462703,0.068260526
288,Salesforce Inc,2014,0.0344,0.0974,0.7869,-0.0271016,-0.048885,0.80056,0,0.542291911,3.262766771,0.5528281,114.244438,0.51927,9.238856224,0.05617149
289,Salesforce Inc,2015,0.0432,0.1129,0.7744,0.0166917,-0.0071133,1.02035,0,0.569165326,2.992096132,0.4094782,103.9746429,0.75204,9.127448218,0.05540517
290,Salesforce Inc,2016,0.0465,0.1128,0.7618,0.0258386,0.0382838,0.82199,0,0.556019747,2.932402509,0.3722681,69.8920889,0.9788,7.461218457,0.054768101
291,Salesforce Inc,2017,0.0514,0.1174,0.7635,0.043074,0.0461101,0.95202,0,0.532741313,2.694680435,0.1657672,76.63762988,1.33547,8.014099846,0.058839571
292,Salesforce Inc,2018,0.0824,0.1707,0.7685,0.0423129,0.0868092,0.94918,0,0.503859942,2.57802795,0.2336431,52.45782348,2.61038,7.49867991,0.060621953
293,Salesforce Inc,2019,0.05929,0.10279,0.79,0.0270792,0.0077202,1.07531,0,0.398262348,2.669060256,0.0903645,56.10771688,2.89877,4.804569278,0.055284128
294,Salesforce Inc,2020,0.0754,0.1215,0.7866,0.0214097,0.1926877,1.23471,0,0.350037471,2.651197605,0.0676018,47.94097054,4.63553,4.995773745,0.054942693
295,Salesforce Inc,2021,0.0577,0.0935,0.7832,0.0227238,0.054507,1.04874,0,0.32805399,2.632745342,0.1889009,54.1639048,4.6823,3.95780341,
296,Salesforce Inc,2022,0.05379,0.08669,0.7823,0.0592626,0.0066343,1.01947,0,0.323119892,2.643061878,0.1952055,26.86591358,4.9318,2.904123271,0.058158848
297,Visa Inc,2012,0.1124,0.1555,0.7946,0.5986949,0.2050667,1.48177,0,0.278736977,8.541803279,0.0002172,0,1.81222,3.251524834,0.053350045
298,Visa Inc,2013,0.1398,0.1849,0.836,0.6148752,0.421209,1.80438,0,0.310073846,7.703073905,0,24.95595612,2.22283,4.537803562,0.047858458
299,Visa Inc,2014,0.1535,0.2108,0,0.6416312,0.4267832,1.59207,0,0.3408789,7.469567774,0,25.18054702,2.60099,4.809947301,0.043745758
300,Visa Inc,2015,0.1634,0.2249,0,0.6540346,0.4548271,1.87134,0,0.356189694,9.1586935,0,27.07373272,2.88284,5.68128281,0.042396922
301,Visa Inc,2016,0.1316,0.2187,0,0.6472616,0.3931176,1.67698,0,0.291715828,7.407662083,0.4825596,23.79993655,3.28309,7.124557104,0.05062067
302,Visa Inc,2017,0.1263,0.2538,0,0.6625449,0.3522715,1.90344,0,0.278126231,6.935398564,0.5606532,27.70784529,4.09729,8.786745889,0.050345486
303,Visa Inc,2018,0.1564,0.3214,0,0.6580135,0.4830899,1.61132,0,0.300418361,7.712949102,0.4890313,24.72133691,5.32349,11.65175663,0.052380424
304,Visa Inc,2019,0.1744,0.3601,0,0.670279,0.5070288,1.56318,0,0.324078449,6.226829268,0.4823261,30.35349954,6.20828,12.71201108,0.054365643
305,Visa Inc,2020,0.1458,0.31579,0,0.6458391,0.4794928,1.90524,0,0.284651417,5.847430407,0.6647335,40.28540329,5.45391,13.650349,0.046850193
306,Visa Inc,2021,0.15789,0.3764,0.76,0.6270898,0.4981539,1.75405,0,0.294295394,7.295702179,0.5580622,30.64199584,7.048,13.64930979,0.050539691
307,Visa Inc,2022,0.19039,0.43829,0.9746,0.6758785,0.499147,1.44847,0,0.348105964,7.634800729,0.6309547,25.01517093,8.27467,11.04908269,0.048008775
308,Merck & Co Inc,2012,0.1112,0.2184,0.7591,0.3291091,0.1304293,1.89977,1.5436,0.447477043,5.725516322,0.3708599,0,3.79955,2.228438985,
309,Merck & Co Inc,2013,0.0986,0.2032,0.7426,0.2092976,0.1000159,1.99715,1.6487,0.41584308,5.809869376,0.4789206,0,3.49557,2.807459369,0.060179875
310,Merck & Co Inc,2014,0.1002,0.2076,0.7388,0.2212989,0.282217,1.7723,1.46948,0.414470198,6.116871832,0.438667,15.53328539,3.48661,3.159236874,0.059450717
311,Merck & Co Inc,2015,0.102,0.2185,0.7543,0.2178844,0.1124614,1.54945,1.30467,0.395288325,6.025629291,0.5899882,14.114237,3.56814,3.135289464,0.063764362
312,Merck & Co Inc,2016,0.1069,0.248,0.757,0.2497551,0.0984751,1.77947,1.49663,0.404021233,5.896459784,0.6163045,14.85346744,3.77584,3.848969564,0.068538858
313,Merck & Co Inc,2017,0.1193,0.2938,0.7645,0.2482179,0.1250935,1.3305,1.05673,0.437895978,5.776689943,0.706124,13.60225425,3.94419,4.213841094,0.075958061
314,Merck & Co Inc,2018,0.1363,0.3808,0.7543,0.2673665,0.1538989,1.16523,0.92025,0.496091115,6.06626506,0.9342311,16.76409165,4.34853,7.074307803,0.069686069
315,Merck & Co Inc,2019,0.1602,0.5087,0.7495,0.2577899,0.1454462,1.23686,0.96782,0.468419603,5.649649794,1.0132687,16.73969871,5.16427,8.49930785,0.075130232
316,Merck & Co Inc,2020,0.1714,0.5889,0.7431,0.2631389,0.1088444,1.01599,0.78508,0.471835668,5.67612277,1.2514171,13.01731117,5.98155,7.795300942,0.070343892
317,Merck & Co Inc,2021,0.1549,0.4813,0.761,0.3196247,0.2534699,1.26785,1.01847,0.493750063,5.702710614,0.8652534,13.01951058,5.77316,5.073214142,0.067954825
318,Merck & Co Inc,2022,0.1769,0.45159,0.7445,0.3426109,0.24491,1.47374,1.22988,0.551844508,6.130610134,0.6663555,14.99885768,7.386,6.122342837,0.064427066
319,Dow Inc,2012,0,0,0,0,0,0,0,0,0,0,0,0,0,
320,Dow Inc,2013,0,0,0,0,0,0,0,0,0,0,0,0,0,
321,Dow Inc,2014,0,0,0,0,0,0,0,0,0,0,0,0,0,
322,Dow Inc,2015,0,0,0,0,0,0,0,0,0,0,0,0,0,
323,Dow Inc,2016,0,0,0,0.1121309,0.0826031,0,0,0,0,0,0,0,0,
324,Dow Inc,2017,0,0,0,0.1002058,-0.0324034,0,0,0,0,0,0,0,0,
325,Dow Inc,2018,0,0,0,0.1104548,0.056568,2.53232,2.08857,0,0,0.5915648,0,0,0,
326,Dow Inc,2019,0.0359,0.1126,0.1467,0.0819539,-0.0420014,1.57459,0.9927,0.595619284,5.159279279,1.2059032,15.6716653,3.50738,2.996989135,
327,Dow Inc,2020,0.0202,0.0949,0.1347,0.0667583,0.03155,1.71804,1.20481,0.631867141,5.122541201,1.3154171,37.1789547,1.45552,3.317011594,0.042226817
328,Dow Inc,2021,0.1088,0.4425,0.1976,0.1434835,0.1142301,1.57629,1.0189,0.883303873,6.434650278,0.782966,6.400743895,8.9176,2.295701202,0.036703203
329,Dow Inc,2022,0.074,0.2352,0.1545,0.1002074,0.0801026,1.80717,1.19045,0.920796485,6.506803888,0.7258436,7.862687732,6.45618,1.714398068,0.042223502
